HDF_TABLE,REQ_HSPF_BLOCK,REQ_HSPF_TABLE
/IMPLND/ATEMP/PARAMETERS,IMPLND,ATEMP-DAT
/IMPLND/IQUAL/PARAMETERS,IMPLND,LAT-FACTOR
/IMPLND/IWATER/PARAMETERS,IMPLND,IWAT-PARM1
/IMPLND/IWATER/PARAMETERS,IMPLND,IWAT-PARM3
/IMPLND/IWTGAS/PARAMETERS,IMPLND,IWT-PARM1
/IMPLND/IWTGAS/PARAMETERS,IMPLND,LAT-FACTOR
/IMPLND/IWTGAS/STATES,IMPLND,IWT-INIT
/IMPLND/SNOW/FLAGS,IMPLND,SNOW-FLAGS
/IMPLND/SNOW/STATES,IMPLND,SNOW-INIT1
/IMPLND/SOLIDS/PARAMETERS,IMPLND,SLD-PARM1
/PERLND/ATEMP/PARAMETERS,PERLND,ATEMP-DAT
/PERLND/PSTEMP/PARAMETERS,PERLND,PSTEMP-PARM1
/PERLND/PSTEMP/PARAMETERS,PERLND,PSTEMP-TEMPS
/PERLND/PWATER/PARAMETERS,PERLND,CROP-DATES
/PERLND/PWATER/PARAMETERS,PERLND,IRRIG-PARM1
/PERLND/PWATER/PARAMETERS,PERLND,IRRIG-PARM2
/PERLND/PWATER/PARAMETERS,PERLND,IRRIG-SCHED
/PERLND/PWATER/PARAMETERS,PERLND,IRRIG-SOURCE
/PERLND/PWATER/PARAMETERS,PERLND,IRRIG-TARGET
/PERLND/PWATER/PARAMETERS,PERLND,PWAT-PARM3
/PERLND/PWATER/PARAMETERS,PERLND,PWAT-PARM5
/PERLND/PWATER/PARAMETERS,PERLND,PWAT-PARM6
/PERLND/PWATER/PARAMETERS,PERLND,PWAT-PARM7
/PERLND/PWATER/PARAMETERS,PERLND,SOIL-DATA2
/PERLND/PWATER/PARAMETERS,PERLND,SOIL-DATA3
/PERLND/PWTGAS/PARAMETERS,PERLND,LAT-FACTOR
/PERLND/PWTGAS/PARAMETERS,PERLND,PWT-GASES
/PERLND/PWTGAS/PARAMETERS,PERLND,PWT-PARM1
/PERLND/PWTGAS/PARAMETERS,PERLND,PWT-TEMPS
/PERLND/SNOW/FLAGS,PERLND,SNOW-FLAGS
/PERLND/SNOW/STATES,PERLND,SNOW-INIT1
/RCHRES/ACIDPH/STATES,RCHRES,ACID-INIT
/RCHRES/GQUAL/EXTENDEDS/DEL,RCHRES,GQ-DELTA
/RCHRES/GQUAL/EXTENDEDS/GAMM,RCHRES,GQ-GAMMA
/RCHRES/GQUAL/EXTENDEDS/KCLD,RCHRES,GQ-CLDFACT
/RCHRES/GQUAL/EXTENDEDS/PHOTPM,RCHRES,GQ-PHOTPM
/RCHRES/GQUAL/FLAGS,RCHRES,GQ-AD-FLAGS
/RCHRES/GQUAL/GQUAL1,RCHRES,GQ-VALUES
/RCHRES/GQUAL/GQUAL1,RCHRES,GQ-ADTHETA
/RCHRES/GQUAL/GQUAL1,RCHRES,GQ-FLG2
/RCHRES/GQUAL/GQUAL1,RCHRES,GQ-QALFG
/RCHRES/GQUAL/GQUAL1,RCHRES,GQ-SEDCONC
/RCHRES/GQUAL/GQUAL1,RCHRES,GQ-SEDDECAY
/RCHRES/GQUAL/GQUAL2,RCHRES,GQ-VALUES
/RCHRES/GQUAL/GQUAL2,RCHRES,GQ-ADTHETA
/RCHRES/GQUAL/GQUAL2,RCHRES,GQ-FLG2
/RCHRES/GQUAL/GQUAL2,RCHRES,GQ-QALFG
/RCHRES/GQUAL/GQUAL2,RCHRES,GQ-SEDCONC
/RCHRES/GQUAL/GQUAL2,RCHRES,GQ-SEDDECAY
/RCHRES/GQUAL/GQUAL3,RCHRES,GQ-VALUES
/RCHRES/GQUAL/GQUAL3,RCHRES,GQ-ADTHETA
/RCHRES/GQUAL/GQUAL3,RCHRES,GQ-FLG2
/RCHRES/GQUAL/GQUAL3,RCHRES,GQ-QALFG
/RCHRES/GQUAL/GQUAL3,RCHRES,GQ-SEDCONC
/RCHRES/GQUAL/GQUAL3,RCHRES,GQ-SEDDECAY
/RCHRES/GQUAL/MONTHLY/CLDM,RCHRES,MON-CLOUD
/RCHRES/GQUAL/MONTHLY/PHYM,RCHRES,MON-PHYTO
/RCHRES/GQUAL/MONTHLY/ROCM,RCHRES,MON-ROXYGEN
/RCHRES/GQUAL/MONTHLY/SDCN,RCHRES,MON-SEDCONC
/RCHRES/GQUAL/MONTHLY/TEMP,RCHRES,MON-WATEMP
/RCHRES/GQUAL/PARAMETERS,RCHRES,GQ-GENDATA
/RCHRES/HTRCH/FLAGS,RCHRES,HT-BED-FLAGS
/RCHRES/HTRCH/PARAMETERS,RCHRES,HEAT-PARM
/RCHRES/HTRCH/PARAMETERS,RCHRES,HT-BED-PARM
/RCHRES/HTRCH/PARAMETERS,RCHRES,SHADE-PARM
/RCHRES/HYDR/PARAMETERS,RCHRES,HYDR-CATEGORY
/RCHRES/HYDR/PARAMETERS,RCHRES,HYDR-CDEMAND
/RCHRES/HYDR/PARAMETERS,RCHRES,HYDR-CEVAP
/RCHRES/HYDR/PARAMETERS,RCHRES,HYDR-CPREC
/RCHRES/HYDR/PARAMETERS,RCHRES,HYDR-IRRIG
/RCHRES/HYDR/PARAMETERS,RCHRES,HYDR-PARM2
/RCHRES/HYDR/STATES,RCHRES,HYDR-CINIT
/RCHRES/NUTRX/FLAGS,RCHRES,NUT-AD-FLAGS
/RCHRES/NUTRX/MONTHLY/PHVA,RCHRES,MON-PHVAL
/RCHRES/NUTRX/PARAMETERS,RCHRES,CONV-VAL
/RCHRES/NUTRX/PARAMETERS,RCHRES,CONV-VAL1
/RCHRES/OXRX/FLAGS,RCHRES,OX-FLAGS
/RCHRES/OXRX/FLAGS,RCHRES,OX-FLAGS
/RCHRES/OXRX/PARAMETERS,RCHRES,ELEV
/RCHRES/OXRX/PARAMETERS,RCHRES,ELEV
/RCHRES/OXRX/PARAMETERS,RCHRES,OX-CFOREA
/RCHRES/OXRX/PARAMETERS,RCHRES,OX-LEN-DELTH
/RCHRES/OXRX/PARAMETERS,RCHRES,OX-TCGINV
/RCHRES/OXRX/PARAMETERS,RCHRES,OX-TSIVOGLOU
/RCHRES/OXRX/PARAMETERS,RCHRES,OX-TSIVOGLOU
/RCHRES/PHCARB/PARAMETERS,RCHRES,PH-PARM2
/RCHRES/PLANK/FLAGS,RCHRES,BENAL-FLAGS
/RCHRES/PLANK/FLAGS,RCHRES,PLK-AD-FLAGS
/RCHRES/PLANK/PARAMETERS,RCHRES,BENAL-GRAZE
/RCHRES/PLANK/PARAMETERS,RCHRES,BENAL-GROW
/RCHRES/PLANK/PARAMETERS,RCHRES,BENAL-LIGHT
/RCHRES/PLANK/PARAMETERS,RCHRES,BENAL-PARM
/RCHRES/PLANK/PARAMETERS,RCHRES,BENAL-RESSCR
/RCHRES/PLANK/PARAMETERS,RCHRES,BENAL-RIFF1
/RCHRES/PLANK/PARAMETERS,RCHRES,BENAL-RIFF2
/RCHRES/PLANK/PARAMETERS,RCHRES,PLNK-PARM2
/RCHRES/PLANK/PARAMETERS,RCHRES,PLNK-PARM3
/RCHRES/PLANK/PARAMETERS,RCHRES,PLNK-PARM4
/RCHRES/PLANK/PARAMETERS,RCHRES,SURF-EXPOSED
/RCHRES/PLANK/PARAMETERS,RCHRES,SURF-EXPOSED
/RCHRES/PLANK/PARAMETERS,RCHRES,ZOO-PARM2
/RCHRES/PLANK/STATES,RCHRES,BENAL-INIT
/RCHRES/SEDTRN/FLAGS,RCHRES,SANDFG
/RCHRES/SEDTRN/STATES,RCHRES,BED-INIT
/RCHRES/SEDTRN/STATES,RCHRES,SSED-INIT
